<beans xmlns="http://www.springframework.org/schema/beans" xmlns:xsi="http://www.w3.org/2001/XMLSchema-instance" xmlns:context="http://www.springframework.org/schema/context" xmlns:mongo="http://www.springframework.org/schema/data/mongo" xmlns:tx="http://www.springframework.org/schema/tx" xmlns:aop="http://www.springframework.org/schema/aop" xmlns:util="http://www.springframework.org/schema/util" xmlns:p="http://www.springframework.org/schema/p" xsi:schemaLocation=" http://www.springframework.org/schema/beans http://www.springframework.org/schema/beans/spring-beans-4.0.xsd http://www.springframework.org/schema/context http://www.springframework.org/schema/context/spring-context-4.0.xsd http://www.springframework.org/schema/data/mongo http://www.springframework.org/schema/data/mongo/spring-mongo-1.0.xsd http://www.springframework.org/schema/tx http://www.springframework.org/schema/tx/spring-tx-4.0.xsd http://www.springframework.org/schema/aop http://www.springframework.org/schema/aop/spring-aop-4.0.xsd http://www.springframework.org/schema/util http://www.springframework.org/schema/util/spring-util-4.0.xsd ">
<!--
 <context:component-scan base-package="com.swift.kuaiche,org.howsun.redis"> 
-->
<!--
 <context:component-scan base-package="com.swift.kuaiche">
		<context:exclude-filter type="annotation" expression="org.springframework.stereotype.Controller" />
	</context:component-scan> 
-->
<!-- Redis -->
<bean id="jedisPoolConfig" class="redis.clients.jedis.JedisPoolConfig">
<property name="maxTotal" value="1000"/>
<property name="maxIdle" value="500"/>
<property name="minIdle" value="5"/>
<property name="testOnBorrow" value="false"/>
<property name="testOnReturn" value="false"/>
<property name="testWhileIdle" value="true"/>
<property name="timeBetweenEvictionRunsMillis" value="30000"/>
<property name="numTestsPerEvictionRun" value="-1"/>
<property name="minEvictableIdleTimeMillis" value="1800000"/>
<property name="softMinEvictableIdleTimeMillis" value="1800000"/>
</bean>
<bean id="jedisConnectionFactory" class="org.springframework.data.redis.connection.jedis.JedisConnectionFactory" p:use-pool="true" p:host-name="dbmr.m1c.cn" p:port="6379">
<property name="usePool" value="true"/>
<property name="timeout" value="3000"/>
<!-- <property name="password" value=""/> -->
<property name="poolConfig" ref="jedisPoolConfig"/>
</bean>
<bean id="redisTemplate" class="org.springframework.data.redis.core.RedisTemplate" p:connection-factory-ref="jedisConnectionFactory"/>
<bean id="stringRedisTemplate" class="org.springframework.data.redis.core.StringRedisTemplate" p:connection-factory-ref="jedisConnectionFactory"/>
<!-- Redis end -->
</beans>