<beans xmlns="http://www.springframework.org/schema/beans" xmlns:xsi="http://www.w3.org/2001/XMLSchema-instance" xmlns:p="http://www.springframework.org/schema/p" xmlns:context="http://www.springframework.org/schema/context" xmlns:mvc="http://www.springframework.org/schema/mvc" xmlns:tx="http://www.springframework.org/schema/tx" xmlns:aop="http://www.springframework.org/schema/aop" xsi:schemaLocation="http://www.springframework.org/schema/beans http://www.springframework.org/schema/beans/spring-beans-4.0.xsd http://www.springframework.org/schema/context http://www.springframework.org/schema/context/spring-context-4.0.xsd http://www.springframework.org/schema/mvc http://www.springframework.org/schema/mvc/spring-mvc-4.0.xsd http://www.springframework.org/schema/tx http://www.springframework.org/schema/tx/spring-tx-4.0.xsd http://www.springframework.org/schema/aop http://www.springframework.org/schema/aop/spring-aop-4.0.xsd ">
<context:annotation-config/>
<!--  自动扫描  -->
<context:component-scan base-package="cn.m1c"/>
<bean id="masterdataSource" class="com.alibaba.druid.pool.DruidDataSource" init-method="init" destroy-method="close">
<property name="driverClassName">
<value>${driver}</value>
</property>
<property name="url">
<value>${master.url}</value>
</property>
<property name="username">
<value>${master.username}</value>
</property>
<property name="password">
<value>${master.password}</value>
</property>
<!--  连接池最大使用连接数  -->
<property name="maxActive">
<value>${maxActive}</value>
</property>
<!--  初始化连接大小  -->
<property name="initialSize">
<value>${initialSize}</value>
</property>
<!--  获取连接最大等待时间  -->
<property name="maxWait">
<value>${maxWait}</value>
</property>
<!--  连接池最小空闲  -->
<property name="minIdle">
<value>${minIdle}</value>
</property>
<!--  自动清除无用连接  -->
<property name="removeAbandoned">
<value>true</value>
</property>
<!--  清除无用连接的等待时间  -->
<property name="removeAbandonedTimeout">
<value>180</value>
</property>
<!--  连接属性  -->
<property name="connectionProperties">
<value>clientEncoding=UTF-8</value>
</property>
</bean>
<bean id="slavedataSource" class="com.alibaba.druid.pool.DruidDataSource" init-method="init" destroy-method="close">
<property name="driverClassName">
<value>${driver}</value>
</property>
<property name="url">
<value>${slave.url}</value>
</property>
<property name="username">
<value>${slave.username}</value>
</property>
<property name="password">
<value>${slave.password}</value>
</property>
<!--  连接池最大使用连接数  -->
<property name="maxActive">
<value>${maxActive}</value>
</property>
<!--  初始化连接大小  -->
<property name="initialSize">
<value>${initialSize}</value>
</property>
<!--  获取连接最大等待时间  -->
<property name="maxWait">
<value>${maxWait}</value>
</property>
<!--  连接池最小空闲  -->
<property name="minIdle">
<value>${minIdle}</value>
</property>
<!--  自动清除无用连接  -->
<property name="removeAbandoned">
<value>true</value>
</property>
<!--  清除无用连接的等待时间  -->
<property name="removeAbandonedTimeout">
<value>180</value>
</property>
<!--  连接属性  -->
<property name="connectionProperties">
<value>clientEncoding=UTF-8</value>
</property>
</bean>
<bean id="dataSource" class="cn.m1c.frame.component.DynamicDataSource">
<property name="targetDataSources">
<map key-type="java.lang.String">
<!--  write  -->
<entry key="master" value-ref="masterdataSource"/>
<!--  read  -->
<entry key="slave" value-ref="slavedataSource"/>
</map>
</property>
<property name="defaultTargetDataSource" ref="masterdataSource"/>
</bean>
<!--  spring和MyBatis完美整合，不需要mybatis的配置映射文件  -->
<bean id="sqlSessionFactory" class="org.mybatis.spring.SqlSessionFactoryBean">
<property name="dataSource" ref="dataSource"/>
<!--  自动扫描mapping.xml文件  -->
<property name="mapperLocations" value="classpath:cn/m1c/yhy/*/model/mapper/*.xml"></property>
<!--  配置Mybatis的插件plugin  -->
<property name="plugins">
<array>
<!--  分页拦截  -->
<bean class="cn.m1c.frame.page.interceptor.PageInterceptor"></bean>
</array>
</property>
</bean>
<!--  DAO接口所在包名，Spring会自动查找其下的类  -->
<bean class="org.mybatis.spring.mapper.MapperScannerConfigurer">
<property name="basePackage" value="cn.m1c.yhy.*.dao"/>
<property name="sqlSessionFactoryBeanName" value="sqlSessionFactory"/>
</bean>
<!--
 (事务管理)transaction manager, use JtaTransactionManager for global tx 
-->
<bean id="transactionManager" class="org.springframework.jdbc.datasource.DataSourceTransactionManager">
<property name="dataSource" ref="dataSource"/>
</bean>
<tx:advice id="txAdvice" transaction-manager="transactionManager">
<tx:attributes>
<tx:method name="get*" read-only="true"/>
<tx:method name="set*" read-only="true"/>
<tx:method name="query*" read-only="true"/>
<tx:method name="find*" read-only="true"/>
<tx:method name="load*" read-only="true"/>
<tx:method name="count*" read-only="true"/>
<tx:method name="select*" read-only="true"/>
<tx:method name="save*" rollback-for="Exception" propagation="REQUIRED"/>
<tx:method name="register*" rollback-for="Exception" propagation="REQUIRED"/>
<tx:method name="authenticate*" rollback-for="Exception" propagation="REQUIRED"/>
<tx:method name="change*" rollback-for="Exception" propagation="REQUIRED"/>
<tx:method name="update*" rollback-for="Exception" propagation="REQUIRED"/>
<tx:method name="delete*" rollback-for="Exception" propagation="REQUIRED"/>
<tx:method name="insert*" rollback-for="Exception" propagation="REQUIRED"/>
<tx:method name="merge*" rollback-for="Exception" propagation="REQUIRED"/>
<tx:method name="requiresNew*" rollback-for="Exception" propagation="REQUIRED"/>
<tx:method name="nested*" propagation="REQUIRED" rollback-for="Exception"/>
</tx:attributes>
</tx:advice>
<aop:config>
<aop:advisor pointcut="execution(* cn.m1c.yhy.*.service.impl..*(..))" advice-ref="txAdvice"/>
</aop:config>
</beans>