<beans xmlns="http://www.springframework.org/schema/beans" xmlns:p="http://www.springframework.org/schema/p" xmlns:xsi="http://www.w3.org/2001/XMLSchema-instance" xmlns:context="http://www.springframework.org/schema/context" xmlns:mvc="http://www.springframework.org/schema/mvc" xsi:schemaLocation=" http://www.springframework.org/schema/beans http://www.springframework.org/schema/beans/spring-beans-4.0.xsd http://www.springframework.org/schema/context http://www.springframework.org/schema/context/spring-context-4.0.xsd http://www.springframework.org/schema/mvc http://www.springframework.org/schema/mvc/spring-mvc-4.0.xsd">
<!--  扫描controller（controller层注入）  -->
<context:component-scan base-package="cn.m1c.yhy.*.action"/>
<!--
 解决通过@responsebody 返回数据时产生的乱码问题 目前我们使用的 rpcresult.out 来返回数据 可以不用设置
-->
<!--
 <bean class="org.springframework.web.servlet.mvc.annotation.AnnotationMethodHandlerAdapter">  
	    <property name="messageConverters">  
	        <list>  
	            <bean class="cn.m1c.weixin.common.StringHttpMessageConverter" />  
	        </list>  
	    </property>  
	</bean>  
-->
<!--  对模型视图添加前后缀 在前后端分离过程中可以不用设置  -->
<!--
 <bean id="viewResolver"
		class="org.springframework.web.servlet.view.InternalResourceViewResolver"
		p:prefix="/WEB-INF/jsp/" p:suffix=".jsp" /> 
-->
</beans>