<?xml version="1.0" encoding="utf-8"?>

<beans xmlns="http://www.springframework.org/schema/beans" xmlns:mvc="http://www.springframework.org/schema/mvc" xmlns:xsi="http://www.w3.org/2001/XMLSchema-instance" xmlns:context="http://www.springframework.org/schema/context" xmlns:aop="http://www.springframework.org/schema/aop" xmlns:p="http://www.springframework.org/schema/p" xmlns:task="http://www.springframework.org/schema/task" xsi:schemaLocation=" http://www.springframework.org/schema/beans http://www.springframework.org/schema/beans/spring-beans-4.0.xsd http://www.springframework.org/schema/mvc http://www.springframework.org/schema/mvc/spring-mvc-4.0.xsd http://www.springframework.org/schema/context http://www.springframework.org/schema/context/spring-context-4.0.xsd http://www.springframework.org/schema/aop http://www.springframework.org/schema/aop/spring-aop-4.0.xsd http://www.springframework.org/schema/task http://www.springframework.org/schema/task/spring-task-4.0.xsd">  
  <context:annotation-config/>  
  <mvc:annotation-driven/>  
  <aop:aspectj-autoproxy proxy-target-class="true"/>  
  <context:component-scan base-package="cn.m1c.yhy.*.action"> 
    <context:include-filter type="annotation" expression="org.springframework.stereotype.Controller"/> 
  </context:component-scan>  
  <bean class="org.springframework.web.servlet.mvc.annotation.AnnotationMethodHandlerAdapter"/>  
  <bean class="org.springframework.web.servlet.mvc.annotation.DefaultAnnotationHandlerMapping"/>  
  <bean class="org.springframework.web.servlet.view.InternalResourceViewResolver" p:prefix="/WEB-INF/jsp/" p:suffix=".jsp"/>  
  <bean id="multipartResolver" class="org.springframework.web.multipart.commons.CommonsMultipartResolver"> 
    <property name="maxUploadSize" value="2048000"/>  
    <property name="uploadTempDir" value="temp"/> 
  </bean>  
  <mvc:interceptors> 
    <mvc:interceptor> 
      <mvc:mapping path="/**"/>
      <bean class="cn.m1c.yhy.common.component.AuthInterceptor"/> 
    </mvc:interceptor>  
   <!--  <mvc:interceptor> 
      <mvc:mapping path="/**"/>  
      <bean class="com.swift.kuaiche.component.UserRoleInterceptor"/> 
    </mvc:interceptor>  -->
  </mvc:interceptors>  
  <mvc:view-controller path="/" view-name="forward:/index"/> 
</beans>
